,Accuracy,Precision,Recall,F1,AUC
Without Contract KG,0.791667,0.564972,0.724638,0.634921,0.86841
With Contract KG,0.791667,0.560209,0.775362,0.650456,0.870703
