,Accuracy,Precision,Recall,F1,AUC
Logistic Regression,0.612319,0.382716,0.898551,0.536797,0.721312
Random Forest,0.807971,0.617647,0.608696,0.613139,0.859282
XGBoost,0.780797,0.550898,0.666667,0.603279,0.853952
LightGBM,0.777174,0.54491,0.65942,0.596721,0.848596
ContractGraph-RiskNet,0.791667,0.560209,0.775362,0.650456,0.870703
